1,NVIDIA,GeForce RTX 5090,2025,28,448,900,1200,8192,256,128,No,PCIe 4.0 x16, HBM2e,Arctic Sound
2,NVIDIA,GeForce RTX 5080,2025,16,256,900,1215,6912,432,192,No,PCIe 4.0 x16,HBM2e,GA100
3,NVIDIA,GeForce RTX 5070,2025,12,192,1825,2000,5120,320,128,No,PCIe 4.0 x16,GDDR6,Navi 21
4,NVIDIA,GeForce RTX 5060 Mobile,2025,8,128,2235,2500,4608,144,48,No,PCIe 5.0 x16, GDDR7,GB206
5,NVIDIA,GeForce RTX 5060,2025,8,128,1825,2250,4608,288,192,No,PCIe 4.0 x16, GDDR6,Navi 31
6,NVIDIA,GeForce RTX 5050,2025,8,128,1395,2000,4608,144,48,No,PCIe 4.0 x16, GDDR6,AD106
7,NVIDIA,RTX 1000 Mobile Ada Generation,2024,6,96,2235,2500,20480,640,192,No,PCIe 5.0 x16, GDDR7,GB202
8,NVIDIA,GeForce RTX 3050 6 GB,2024,6,96,1000,2525,19456,1216,0,No,PCIe 5.0 x16, HBM3e,Aqua Vanjaram
9,AMD,Radeon Instinct MI325X,2024,288,8192,1665,1313,16896,528,24,No,PCIe 5.0 x16, HBM3,GH100
10,NVIDIA,RTX A400,2024,4,64,690,1593,14592,456,24,No,PCIe 5.0 x16, HBM2e,GH100
11,NVIDIA,RTX 500 Mobile Ada Generation,2024,4,64,2280,1313,14592,456,176,No,PCIe 4.0 x16, GDDR6X,AD102
12,NVIDIA,B200 SXM 192 GB,2024,96,4096,2070,2250,7680,240,80,No,PCIe 4.0 x16, GDDR6,AD103
13,NVIDIA,RTX 5880 Ada Generation,2024,48,384,900,1200,7680,240,120,No,PCIe 4.0 x16,HBM2e,Arctic Sound
14,NVIDIA,GeForce RTX 4080 SUPER,2024,16,256,1095,1215,6912,432,160,No,PCIe 4.0 x16,HBM2e,GA100
15,NVIDIA,GeForce RTX 4070 Ti SUPER AD102,2024,16,256,765,1215,6912,432,160,No,PCIe 4.0 x16,HBM2e,GA100
16,NVIDIA,GeForce RTX 4070 Ti SUPER,2024,16,256,1000,1600,6656,416,0,No,PCIe 4.0 x16,HBM2e,Aldebaran
17,NVIDIA,GeForce RTX 4070 SUPER,2024,12,192,1110,1750,5120,160,80,No,PCIe 4.0 x16,GDDR6,GA104
18,NVIDIA,GeForce RTX 4070 GDDR6,2024,12,192,1140,1500,5120,160,80,No,PCIe 4.0 x16,GDDR6,GA104
19,NVIDIA,GeForce RTX 4070 AD103,2024,12,192,780,1500,5120,160,80,No,PCIe 4.0 x16,GDDR6,GA104
20,NVIDIA,RTX A1000,2024,8,128,1395,2000,4608,144,48,No,PCIe 4.0 x16, GDDR6,AD106
21,NVIDIA,RTX 2000 Ada Generation,2024,16,128,735,2000,4608,144,48,No,PCIe 4.0 x16, GDDR6,AD106
22,AMD,Radeon RX 7600 XT,2024,16,128,1825,2000,4608,288,128,No,PCIe 4.0 x16,GDDR6,Navi 21
23,NVIDIA,GeForce RTX 4060 Ti AD104,2024,8,128,1825,2000,4608,288,128,No,PCIe 4.0 x16,GDDR6,Navi 21
24,NVIDIA,GeForce RTX 4060 AD106,2024,8,128,1275,1750,4608,288,96,No,PCIe 3.0 x16,GDDR6,TU102
25,NVIDIA,GeForce RTX 3050 A Mobile,2024,4,128,1065,1750,4608,288,96,No,PCIe 3.0 x16,GDDR6,TU102
26,AMD,Radeon 890M,2024,,,250,300,,16,4,No,AGP 8x,DDR,Parhelia-512
27,AMD,Radeon 880M,2024,,,350,300,,8,8,No,AGP 8x,DDR,M18
28,NVIDIA,GeForce RTX 4050 Mobile,2023,6,96,1000,2525,19456,1216,0,No,PCIe 5.0 x16, HBM3,Aqua Vanjaram
29,NVIDIA,GeForce RTX 4050 Max-Q,2023,6,96,915,2500,18176,568,192,No,PCIe 4.0 x16, GDDR6,AD102
30,Intel,Arc A380M,2023,6,96,1110,2250,18176,568,192,No,PCIe 4.0 x16, GDDR6,AD102
31,AMD,Radeon Instinct MI300X,2023,192,8192,1665,1313,16896,528,24,No,PCIe 5.0 x16, HBM3,GH100
32,AMD,Radeon Instinct MI300,2023,128,8192,900,1600,16384,1024,0,No,PCIe 5.0 x16, HBM2e,Ponte Vecchio
33,Intel,Data Center GPU Max Subsystem,2023,128,8192,900,1565,16384,1024,0,No,PCIe 5.0 x16, HBM2e,Ponte Vecchio
34,Intel,Data Center GPU Max 1550,2023,128,8192,2235,1313,16384,512,176,No,PCIe 4.0 x16, GDDR6X,AD102
35,Intel,Data Center GPU Max 1350,2023,96,8192,1095,1593,14592,456,24,No,PCIe 5.0 x16, HBM2e,GH100
36,Intel,Data Center GPU Max 1100,2023,48,8192,1095,1593,14592,456,24,No,PCIe 5.0 x16, HBM2e,GH100
37,AMD,ROG Ally GPU,2023,16,64,750,1200,14336,896,0,No,PCIe 5.0 x16, HBM2e,Ponte Vecchio
38,AMD,ROG Ally Extreme GPU,2023,16,64,975,2250,14080,440,176,No,PCIe 4.0 x16, GDDR6,AD102
39,AMD,Radeon RX 6550S,2023,4,64,1000,1600,14080,880,0,No,PCIe 5.0 x16, HBM3,Aqua Vanjaram
40,AMD,Radeon RX 6550M,2023,4,64,1000,1600,14080,880,0,No,PCIe 4.0 x16,HBM2e,Aldebaran
41,AMD,Radeon RX 6450M,2023,4,64,1000,1600,13312,832,0,No,PCIe 4.0 x16,HBM2e,Aldebaran
42,NVIDIA,Jetson Orin Nano 4 GB,2023,4,64,1155,2250,12800,400,176,No,PCIe 4.0 x16, GDDR6,AD102
43,NVIDIA,H800 SXM5,2023,80,5120,1335,2250,9728,304,112,No,PCIe 4.0 x16, GDDR6,AD103
44,NVIDIA,H800 PCIe 80 GB,2023,80,5120,930,2250,9728,304,112,No,PCIe 4.0 x16, GDDR6,AD103
45,NVIDIA,H100 SXM5 96 GB,2023,96,5120,2205,1400,9728,304,112,No,PCIe 4.0 x16, GDDR6X,AD103
46,NVIDIA,H100 SXM5 80 GB,2023,80,5120,1320,1563,9216,288,96,No,PCIe 4.0 x16,GDDR6,GA102
47,NVIDIA,H100 PCIe 96 GB,2023,96,5120,885,1563,9216,288,96,No,PCIe 4.0 x16,GDDR6,GA102
48,NVIDIA,H100 PCIe 80 GB,2023,80,5120,1260,1188,8960,280,96,No,PCIe 4.0 x16, GDDR6X,GA102
49,NVIDIA,H100 CNX,2023,80,5120,1440,1188,8704,272,96,No,PCIe 4.0 x16,GDDR6X,GA102
50,AMD,Radeon PRO W7900,2023,48,384,1000,1200,7680,480,64,No,PCIe 4.0 x16,HBM2,Arcturus
51,NVIDIA,L20,2023,48,384,1290,2250,7424,232,80,No,PCIe 4.0 x16, GDDR6,AD104
52,NVIDIA,GeForce RTX 4090 D,2023,24,384,1290,2250,7424,232,80,No,PCIe 4.0 x16, GDDR6,AD104
53,NVIDIA,H100 SXM5 64 GB,2023,64,3072,900,1215,6912,432,192,No,PCIe 4.0 x16,HBM2e,GA100
54,NVIDIA,RTX 5000 Mobile Ada Generation,2023,16,256,2235,2500,6400,200,64,No,PCIe 5.0 x16, GDDR7,GB205
55,NVIDIA,RTX 5000 Max-Q Ada Generation,2023,16,256,1500,1188,6400,200,80,No,PCIe 4.0 x16,GDDR6X,GA102
56,NVIDIA,RTX 5000 Embedded Ada Generation,2023,16,256,1929,2500,6144,384,192,No,PCIe 4.0 x16, GDDR6,Navi 31
57,NVIDIA,RTX 5000 Ada Generation,2023,32,256,1855,2250,6144,384,192,No,PCIe 4.0 x16, GDDR6,Navi 31
58,AMD,Radeon RX 7900M,2023,16,256,1500,2250,6144,192,80,No,PCIe 4.0 x16, GDDR6,AD104
59,AMD,Radeon RX 7900 GRE,2023,16,256,720,1750,6144,192,80,No,PCIe 4.0 x16, GDDR6,AD104
60,AMD,Radeon RX 7800 XT,2023,16,256,900,1750,6144,192,96,No,PCIe 4.0 x16,GDDR6,GA104
61,AMD,Radeon PRO W7800,2023,32,256,735,1750,6144,192,96,No,PCIe 4.0 x16,GDDR6,GA104
62,AMD,Radeon PRO W7700,2023,16,256,1110,1750,6144,192,96,No,PCIe 4.0 x16,GDDR6,GA104
63,NVIDIA,Jetson AGX Orin 64 GB,2023,64,256,780,1500,6144,192,96,No,PCIe 4.0 x16,GDDR6,GA104
64,NVIDIA,Jetson AGX Orin 32 GB,2023,32,256,900,1200,6144,192,96,No,PCIe 4.0 x16,HBM2e,Arctic Sound
65,NVIDIA,GeForce RTX 4090 Mobile,2023,16,256,1575,1188,6144,192,96,No,PCIe 4.0 x16, GDDR6X,GA102
66,NVIDIA,GeForce RTX 4090 Max-Q,2023,16,256,1575,1188,6144,192,96,No,PCIe 4.0 x16,GDDR6X,GA104
67,Intel,Arc A580,2023,8,256,1365,1188,6144,192,96,No,PCIe 4.0 x16,GDDR6X,GA104
68,NVIDIA,RTX 4500 Ada Generation,2023,24,192,1245,1106,5120,320,128,No,PCIe 3.0 x16,HBM2,GV100
69,NVIDIA,RTX 4000 Mobile Ada Generation,2023,12,192,1245,1106,5120,320,128,No,PCIe 3.0 x16,HBM2,GV100
70,NVIDIA,RTX 3500 Mobile Ada Generation,2023,12,192,1312,1106,5120,320,128,No,PCIe 3.0 x16,HBM2,GV100
71,NVIDIA,RTX 3500 Embedded Ada Generation,2023,12,192,1260,1106,5120,320,128,No,PCIe 3.0 x16,HBM2,GV100
72,AMD,Radeon RX 7700 XT,2023,12,192,1290,876,5120,320,128,No,PCIe 3.0 x16,HBM2,GV100
73,AMD,Radeon RX 6750 GRE 12 GB,2023,12,192,1290,876,5120,320,128,No,PCIe 3.0 x16,HBM2,GV100
74,NVIDIA,L4,2023,24,192,1230,876,5120,320,128,No,PCIe 3.0 x16,HBM2,GV100
75,NVIDIA,GeForce RTX 4080 Mobile,2023,12,192,1297,876,5120,320,128,No,PCIe 3.0 x16,HBM2,GV100
76,NVIDIA,GeForce RTX 4080 Max-Q,2023,12,192,1327,876,5120,320,128,No,PCIe 3.0 x16,HBM2,GV100
77,NVIDIA,GeForce RTX 4070 Ti,2023,12,192,1312,876,5120,320,128,No,PCIe 3.0 x16,HBM2,GV100
78,NVIDIA,GeForce RTX 4070,2023,12,192,1245,876,5120,320,128,No,PCIe 3.0 x16,HBM2,GV100
79,Intel,Arc Pro A60,2023,12,192,1200,848,5120,320,128,No,PCIe 3.0 x16,HBM2,GV100
80,NVIDIA,RTX 4000 SFF Ada Generation,2023,20,160,1410,1750,4864,152,80,No,PCIe 4.0 x16,GDDR6,GA104
81,NVIDIA,RTX 4000 Ada Generation,2023,20,160,1410,1188,4864,152,80,No,PCIe 4.0 x16, GDDR6X,GA104
82,AMD,Radeon RX 6750 GRE 10 GB,2023,10,160,2235,2500,4608,144,48,No,PCIe 5.0 x16, GDDR7,GB206
83,AMD,Steam Deck OLED GPU,2023,16,128,1065,1750,4608,288,96,No,PCIe 3.0 x16,GDDR6,TU102
84,NVIDIA,RTX 3000 Mobile Ada Generation,2023,8,128,1065,1750,4608,288,96,No,PCIe 3.0 x16,GDDR6,TU102
85,NVIDIA,RTX 2000 Mobile Ada Generation,2023,8,128,1350,1750,4608,288,96,No,PCIe 3.0 x16,GDDR6,TU102
86,NVIDIA,RTX 2000 Max-Q Ada Generation,2023,8,128,1230,1750,4608,288,96,No,PCIe 3.0 x16,GDDR6,TU102
87,NVIDIA,RTX 2000 Embedded Ada Generation,2023,8,128,1395,1750,4608,288,96,No,PCIe 3.0 x16,GDDR6,TU102
88,AMD,Radeon RX 7700S,2023,8,128,1305,1750,4608,288,96,No,PCIe 3.0 x16,GDDR6,TU102
89,AMD,Radeon RX 7600S,2023,8,128,1440,1750,4608,288,96,No,PCIe 3.0 x16,GDDR6,TU102
90,AMD,Radeon RX 7600M XT,2023,8,128,1065,1575,4608,288,96,No,PCIe 3.0 x16,GDDR6,TU102
91,AMD,Radeon RX 7600M,2023,8,128,1855,2250,4480,280,128,No,PCIe 4.0 x16, GDDR6,Navi 31
92,AMD,Radeon RX 7600,2023,8,128,1140,1458,4480,280,128,No,PCIe 4.0 x4,HBM2e,GA100
93,AMD,Radeon RX 6600 LE,2023,8,128,2310,2250,4352,136,48,No,PCIe 4.0 x8, GDDR6,AD104
94,AMD,Radeon PRO W7600,2023,8,128,2310,2250,4352,136,48,No,PCIe 4.0 x8, GDDR6,AD106
95,AMD,Radeon PRO W7500,2023,8,128,2310,2250,4352,136,48,No,PCIe 4.0 x8, GDDR6,AD106
96,NVIDIA,Jetson Orin NX 8 GB,2023,8,128,1350,1750,4352,272,88,No,PCIe 3.0 x16,GDDR6,TU102
97,NVIDIA,Jetson Orin NX 16 GB,2023,16,128,1950,2000,4096,256,128,No,PCIe 4.0 x16, GDDR6,DG2-512
98,NVIDIA,Jetson Orin Nano 8 GB,2023,8,128,1650,2000,4096,256,128,No,PCIe 4.0 x16, GDDR6,DG2-512
99,NVIDIA,GeForce RTX 4070 Mobile,2023,8,128,2100,2000,4096,256,128,No,PCIe 4.0 x16, GDDR6,DG2-512
100,NVIDIA,GeForce RTX 4070 Max-Q,2023,8,128,855,1750,4096,128,64,No,PCIe 4.0 x16, GDDR6,GA104
101,NVIDIA,GeForce RTX 4060 Ti 8 GB,2023,8,128,495,1375,4096,128,64,No,PCIe 4.0 x16,GDDR6,GA104
102,NVIDIA,GeForce RTX 4060 Ti 16 GB,2023,16,128,1020,1375,4096,128,64,No,PCIe 4.0 x16,GDDR6,GA104
103,NVIDIA,GeForce RTX 4060 Mobile,2023,8,128,1260,1375,4096,128,64,No,PCIe 4.0 x16,GDDR6,GA104
104,NVIDIA,GeForce RTX 4060 Max-Q,2023,8,128,1400,1000,4096,256,64,No,PCIe 3.0 x16,HBM2,Vega 20
105,NVIDIA,GeForce RTX 4060,2023,8,128,1200,1000,4096,256,64,No,PCIe 4.0 x16,HBM2,Vega 20
106,Intel,Arc Pro A60M,2023,8,128,1250,1000,4096,256,64,No,PCIe 3.0 x16,HBM2,Vega 10
107,Intel,Arc A570M,2023,8,128,1382,945,4096,256,64,No,PCIe 3.0 x16,HBM2,Vega 10
108,Intel,Arc A530M,2023,8,128,1382,945,4096,256,64,No,PCIe 3.0 x16,HBM2,Vega 10
109,Intel,UHD Graphics 770 Mobile,2023,,,325,300,,12,12,No,PCIe 1.0 x16,DDR,NV41
110,Intel,UHD Graphics 730,2023,,,400,300,,4,4,No,PCIe 1.0 x16,GDDR3,RV410
111,Intel,UHD Graphics 710 Mobile,2023,,,350,300,,8,4,No,PCIe 1.0 x16,DDR,M26
112,Intel,UHD Graphics 710 Mobile,2023,,,375,300,,8,4,No,PCIe 1.0 x16,DDR,NV43
113,Intel,UHD Graphics 64EU Mobile,2023,,,400,300,,4,4,No,PCIe 1.0 x16,DDR,RV370
114,AMD,Radeon 780M,2023,,,400,300,,4,4,No,PCIe 1.0 x16,DDR,RV370
115,AMD,Radeon 780M,2023,,,400,300,,4,4,No,PCIe 1.0 x16,DDR,RV380
116,AMD,Radeon 760M,2023,,,250,300,,8,2,No,PCIe 1.0 x16,DDR,MP-A4
117,AMD,Radeon 760M,2023,,,250,300,,8,2,No,AGP 8x,DDR,MP-A4
118,AMD,Radeon 740M,2023,,,500,300,,4,4,No,AGP 8x,DDR,RV360
119,AMD,Radeon 680M,2023,,,400,300,,4,4,No,AGP 8x,DDR,RV350
120,AMD,Radeon 660M,2023,,,300,300,,8,4,No,AGP 8x,DDR2,NV30
121,AMD,Radeon 610M,2023,,,300,300,,8,4,No,AGP 4x,DDR,R250
122,Intel,Iris Xe Graphics 96EU Mobile,2023,,,400,300,,8,8,No,PCIe 1.0 x16,DDR,RV410
123,Intel,Iris Xe Graphics 80EU Mobile,2023,,,325,300,,4,4,No,PCIe 1.0 x16,DDR,RV370
124,Intel,Arc Graphics 64EU Mobile,2023,,,275,300,,4,2,No,PCIe 1.0 x16,DDR2,NV44
125,Intel,Arc Graphics 48EU Mobile,2023,,,300,300,,4,2,No,PCIe 1.0 x16,DDR,G72
126,Intel,Arc Graphics 128EU Mobile,2023,,,300,300,,4,2,No,PCIe 1.0 x16,DDR,NV44
127,Intel,Arc Graphics 112EU Mobile,2023,,,300,300,,8,4,No,PCIe 1.0 x16,DDR,XG47
128,NVIDIA,RTX A1000 Mobile 6 GB,2022,6,96,1005,2250,18176,568,192,No,PCIe 4.0 x16, GDDR6,AD102
129,NVIDIA,GeForce RTX 3050 Mobile Refresh 6 GB,2022,6,96,1005,2250,18176,568,192,No,PCIe 4.0 x16, GDDR6,AD102
130,NVIDIA,GeForce RTX 3050 Max-Q Refresh 6 GB,2022,6,96,735,2250,18176,568,192,No,PCIe 4.0 x16, GDDR6,AD102
131,Intel,Data Center GPU Flex 140,2022,6,96,1665,2000,16896,528,24,No,PCIe 5.0 x16, HBM3e,GB100
132,Intel,Arc Pro A50,2022,6,96,1095,1313,16896,528,24,No,PCIe 5.0 x16, HBM3,GH100
133,Intel,Arc Pro A40,2022,6,96,1665,1313,16896,528,24,No,PCIe 5.0 x16, HBM3,GH100
134,Intel,Arc A380,2022,6,96,1590,1313,16896,528,24,No,PCIe 5.0 x16, HBM3,GH100
135,NVIDIA,T550 Mobile,2022,4,64,1440,2250,11776,368,128,No,PCIe 4.0 x16, GDDR6,AD102
136,NVIDIA,RTX A500 Mobile,2022,4,64,2235,2500,10752,336,128,No,PCIe 5.0 x16, GDDR7,GB203
137,NVIDIA,RTX A500 Embedded,2022,4,64,1410,2000,10752,336,112,No,PCIe 4.0 x16,GDDR6,GA102
138,AMD,Radeon RX 6500M,2022,4,64,1305,1812,10752,336,112,No,PCIe 4.0 x16,GDDR6,GA102
139,AMD,Radeon RX 6500 XT,2022,4,64,1560,1313,10752,336,112,No,PCIe 4.0 x16, GDDR6X,GA102
140,AMD,Radeon RX 6400,2022,4,64,1395,1219,10496,328,112,No,PCIe 4.0 x16,GDDR6X,GA102
141,AMD,Radeon PRO W6400,2022,4,64,1080,2000,10240,320,96,No,PCIe 4.0 x16, GDDR6,GA102
142,NVIDIA,GeForce GTX 1630,2022,4,64,2295,1438,10240,320,112,No,PCIe 4.0 x16, GDDR6X,AD103
143,Intel,Arc Pro A30M,2022,4,64,1335,1188,10240,320,112,No,PCIe 4.0 x16, GDDR6X,GA102
144,Intel,Arc A370M,2022,4,64,1365,1188,10240,320,112,No,PCIe 4.0 x16,GDDR6X,GA102
145,Intel,Arc A350M,2022,4,64,1425,2250,9728,304,112,No,PCIe 4.0 x16, GDDR6,AD103
146,Intel,Arc A350,2022,4,64,930,2250,9728,304,112,No,PCIe 4.0 x16, GDDR6,AD103
147,Intel,Arc A310,2022,4,64,1425,2250,9728,304,112,No,PCIe 4.0 x16, GDDR6,AD103
148,NVIDIA,A800 SXM4 80 GB,2022,80,5120,2340,1313,8448,264,96,No,PCIe 4.0 x16, GDDR6X,AD102
149,NVIDIA,A800 PCIe 80 GB,2022,80,5120,2340,1313,8448,264,96,No,PCIe 4.0 x16, GDDR6X,AD103
150,NVIDIA,A800 PCIe 40 GB,2022,40,5120,1170,2000,8192,256,96,No,PCIe 4.0 x16,GDDR6,GA102
151,Intel,Arctic Sound-M,2022,16,4096,2310,1313,7680,240,80,No,PCIe 4.0 x16, GDDR6X,AD104
152,NVIDIA,RTX A5500,2022,24,384,795,2250,7424,232,80,No,PCIe 4.0 x16, GDDR6,AD104
153,NVIDIA,RTX 6000 Ada Generation,2022,48,384,975,2000,7424,232,96,No,PCIe 4.0 x16, GDDR6,GA103
154,AMD,Radeon RX 7900 XTX,2022,24,384,810,2000,7424,232,96,No,PCIe 4.0 x16, GDDR6,GA103
155,NVIDIA,L40S,2022,48,384,585,1750,7424,232,96,No,PCIe 4.0 x16, GDDR6,GA103
156,NVIDIA,L40G,2022,24,384,795,1563,7424,240,80,No,PCIe 4.0 x16, GDDR6,AD104
157,NVIDIA,L40 CNX,2022,24,384,585,1500,7424,232,96,No,PCIe 4.0 x16, GDDR6,GA103
158,NVIDIA,L40,2022,48,384,1050,2000,7168,224,96,No,PCIe 4.0 x16,GDDR6,GA102
159,NVIDIA,GeForce RTX 4090,2022,24,384,975,1563,7168,224,80,No,PCIe 4.0 x16, GDDR6,GA102
160,NVIDIA,GeForce RTX 3090 Ti,2022,24,384,1980,1313,7168,224,80,No,PCIe 4.0 x16, GDDR6X,AD104
161,NVIDIA,GeForce RTX 3080 12 GB,2022,12,384,1000,600,7168,448,0,No,PCIe 5.0 x16, HBM2e,Ponte Vecchio
162,NVIDIA,A10M,2022,24,384,1155,1593,6912,432,160,No,PCIe 4.0 x16, HBM2e,GA100
163,AMD,Radeon RX 7900 XT,2022,20,320,1065,1593,6912,432,160,No,PCIe 4.0 x16,HBM2e,GA100
164,NVIDIA,GeForce RTX 3080 Ti 20 GB,2022,20,320,1275,1593,6912,432,160,No,PCIe 4.0 x16,HBM2e,GA100
165,AMD,Radeon Pro W6300M,2022,2,32,1065,1512,6912,432,160,No,PCIe 4.0 x16, HBM2e,GA100
166,AMD,Radeon PRO W6300,2022,2,32,765,1215,6912,432,160,No,PCIe 4.0 x16, HBM2e,GA100
167,NVIDIA,RTX A5500 Mobile,2022,16,256,1575,1188,6144,192,96,No,PCIe 4.0 x16,GDDR6X,GA104
168,NVIDIA,RTX A5500 Max-Q,2022,16,256,1920,2500,5888,184,64,No,PCIe 4.0 x16, GDDR6,AD104
169,NVIDIA,RTX A4500 Mobile,2022,16,256,930,2000,5888,184,96,No,PCIe 4.0 x16, GDDR6,GA104
170,NVIDIA,RTX A4500 Max-Q,2022,16,256,930,2000,5888,184,80,No,PCIe 4.0 x16,GDDR6,GA104
171,NVIDIA,RTX A4500 Embedded,2022,16,256,510,1750,5888,184,96,No,PCIe 4.0 x16, GDDR6,GA104
172,AMD,Radeon RX 6950 XT,2022,16,256,915,1750,5888,184,96,No,PCIe 4.0 x16, GDDR6,GA104
173,AMD,Playstation 5 GPU,2022,16,256,915,1750,5888,184,96,No,PCIe 4.0 x16, GDDR6,GA104
174,NVIDIA,GeForce RTX 4080,2022,16,256,1500,1750,5888,184,96,No,PCIe 4.0 x16,GDDR6,GA104
175,NVIDIA,GeForce RTX 3080 Ti Mobile,2022,16,256,510,1500,5888,184,96,No,PCIe 4.0 x16, GDDR6,GA104
176,NVIDIA,GeForce RTX 3080 Ti Max-Q,2022,16,256,510,1500,5888,184,96,No,PCIe 4.0 x16, GDDR6,GA104
177,NVIDIA,GeForce RTX 3070 TiM,2022,8,256,1920,1313,5888,184,64,No,PCIe 4.0 x16, GDDR6X,AD103
178,NVIDIA,GeForce RTX 3070 Ti Mobile,2022,8,256,1920,1313,5888,184,64,No,PCIe 4.0 x16, GDDR6X,AD104
179,NVIDIA,GeForce RTX 3070 Ti Max-Q,2022,8,256,855,1500,5632,176,80,No,PCIe 4.0 x16,GDDR6,GA104
180,NVIDIA,GeForce RTX 3070 Ti 8 GB GA102,2022,8,256,1387,2500,5376,336,192,No,PCIe 4.0 x16, GDDR6,Navi 31
181,NVIDIA,GeForce RTX 3060 Ti GDDR6X,2022,8,256,1287,2250,5120,320,160,No,PCIe 4.0 x16, GDDR6,Navi 31
182,NVIDIA,GeForce RTX 3060 Ti GA103,2022,8,256,1860,2250,5120,320,128,No,PCIe 4.0 x16, GDDR6,Navi 21
183,Intel,Data Center GPU Flex 170,2022,16,256,1110,2250,5120,160,64,No,PCIe 4.0 x16, GDDR6,AD104
184,Intel,Arc A770M,2022,16,256,1725,2250,5120,160,64,No,PCIe 4.0 x16, GDDR6,AD104
185,Intel,Arc A770,2022,16,256,2075,2250,5120,320,128,No,PCIe 4.0 x16,GDDR6,Navi 21
186,Intel,Arc A750,2022,8,256,1825,2000,5120,320,128,No,PCIe 4.0 x16,GDDR6,Navi 21
187,NVIDIA,RTX A3000 Mobile 12 GB,2022,12,192,1132,848,5120,320,128,No,PCIe 3.0 x16,HBM2,GV100
188,AMD,Radeon RX 6850M XT,2022,12,192,1200,848,5120,320,96,No,PCIe 3.0 x16,HBM2,GV100
189,AMD,Radeon RX 6750 XT,2022,12,192,937,810,5120,320,128,No,PCIe 3.0 x16,HBM2,GV100
190,Intel,Arc A730M,2022,12,192,1410,1750,4864,152,80,No,PCIe 4.0 x16, GDDR6,GA103
191,AMD,Steam Deck GPU,2022,16,128,1406,945,4096,256,64,No,PCIe 3.0 x16,HBM2,Vega 10
192,NVIDIA,RTX A2000 Embedded,2022,4,128,1247,945,4096,256,64,No,PCIe 3.0 x16,HBM2,Vega 10
193,NVIDIA,RTX A1000 Mobile,2022,4,128,1247,945,4096,256,64,No,PCIe 3.0 x16,HBM2,Vega 10
194,NVIDIA,RTX A1000 Embedded,2022,4,128,1200,945,4096,256,64,No,PCIe 3.0 x16,HBM2,Vega 10
195,AMD,Radeon RX 6800S,2022,8,128,852,945,4096,256,64,No,PCIe 3.0 x16,HBM2,Vega 10
196,AMD,Radeon RX 6700S,2022,8,128,1440,945,4096,256,64,No,PCIe 3.0 x16,HBM2,Vega 10
197,AMD,Radeon RX 6650M XT,2022,8,128,1400,852,4096,256,64,No,PCIe 3.0 x16,HBM2,Vega 10
198,AMD,Radeon RX 6650M,2022,8,128,1574,806,4096,256,64,No,PCIe 3.0 x16,HBM2,Vega 20
199,AMD,Radeon RX 6650 XT,2022,8,128,1247,800,4096,256,64,No,PCIe 3.0 x16,HBM2,Vega 10
200,AMD,Radeon RX 6600S,2022,4,128,1250,786,4096,256,64,No,PCIe 3.0 x16,HBM2,Vega 10
201,NVIDIA,GeForce RTX 3060 8 GB GA104,2022,8,128,1000,500,4096,256,64,No,PCIe 3.0 x16,HBM,Capsaicin
202,NVIDIA,GeForce RTX 3060 8 GB,2022,8,128,1000,500,4096,256,64,No,PCIe 3.0 x16,HBM,Fiji
203,NVIDIA,GeForce RTX 3050 OEM,2022,8,128,975,500,4096,256,64,No,PCIe 3.0 x16,HBM,Capsaicin
204,NVIDIA,GeForce RTX 3050 Mobile Refresh 4 GB,2022,4,128,1000,500,4096,256,64,No,PCIe 3.0 x16,HBM,Fiji
205,NVIDIA,GeForce RTX 3050 Max-Q Refresh 4 GB,2022,4,128,1050,500,4096,256,64,No,PCIe 3.0 x16,HBM,Fiji
206,NVIDIA,GeForce RTX 3050 8 GB GA107,2022,8,128,1050,500,4096,256,64,No,PCIe 3.0 x16,HBM,Fiji
207,NVIDIA,GeForce RTX 3050 8 GB,2022,8,128,1295,2438,3840,240,96,No,PCIe 4.0 x16, GDDR6,Navi 32
208,NVIDIA,GeForce RTX 3050 4 GB,2022,4,128,1800,2000,3840,240,96,No,PCIe 4.0 x16,GDDR6,Navi 21
209,Intel,Arc A550M,2022,8,128,1800,2000,3840,240,96,No,PCIe 4.0 x16,GDDR6,Navi 21
210,Intel,UHD Graphics 770 Mobile,2022,,,300,300,,4,4,No,PCIe 1.0 x16,DDR,NV43
211,Intel,UHD Graphics 770,2022,,,250,300,,8,2,No,PCI-X,DDR,MP-A4
212,Intel,UHD Graphics 730,2022,,,250,300,,8,2,No,PCI-X,DDR,MP-A4
213,Intel,UHD Graphics 710,2022,,,250,300,,8,2,No,PCIe 1.0 x16,DDR2,PX-A1
214,Intel,UHD Graphics 64EU Mobile,2022,,,378,297,,4,4,No,AGP 8x,DDR,R350
215,Intel,UHD Graphics 48EU Mobile,2022,,,398,297,,4,4,No,AGP 8x,DDR,RV350
216,Intel,UHD Graphics 24EU Mobile,2022,,,378,297,,4,8,No,AGP 8x,DDR,R350
217,Intel,UHD Graphics 16EU Mobile,2022,,,275,295,,8,8,No,MXM-III,DDR,NV41
218,AMD,Radeon Graphics 512SP Mobile,2022,,,295,295,,4,4,No,AGP 4x,DDR,NV31
219,AMD,Radeon Graphics 448SP Mobile,2022,,,325,295,,4,4,No,AGP 8x,DDR,NV31
220,AMD,Radeon Graphics 128SP,2022,,,325,290,,8,8,No,AGP 8x,DDR,R350
221,AMD,Radeon 680M,2022,,,331,290,,4,4,No,AGP 8x,DDR,R350
222,AMD,Radeon 660M,2022,,,300,290,,8,4,No,AGP 4x,DDR,R200
223,AMD,Radeon 610M,2022,,,295,285,,4,4,No,AGP 4x,DDR,NV36
224,Intel,Iris Xe Graphics 96EU Mobile,2022,,,324,276,,8,8,No,AGP Pro 8x,DDR,R300
225,Intel,Iris Xe Graphics 80EU Mobile,2022,,,276,276,,8,2,No,AGP 8x,DDR,Parhelia-LX
226,AMD,Radeon Instinct MI250X,2021,128,,2075,2000,3840,240,96,No,PCIe 4.0 x16,GDDR6,Navi 21
227,AMD,Radeon Instinct MI250,2021,128,,1700,2000,3840,240,96,No,PCIe 4.0 x16,GDDR6,Navi 21
228,NVIDIA,A100 PCIe 80 GB,2021,80,,900,1750,3840,120,48,No,PCIe 4.0 x16,GDDR6,GA106
229,AMD,Radeon Instinct MI210,2021,64,,1400,1000,3840,240,64,No,PCIe 4.0 x16,HBM2,Vega 20
230,NVIDIA,CMP 170HX,2021,16,,1400,1000,3840,240,64,No,PCIe 3.0 x16,HBM2,Vega 20
231,Intel,Arctic Sound 2T,2021,16,,1200,1000,3840,240,64,No,PCIe 4.0 x16,HBM2,Vega 20
232,Intel,Arctic Sound 1T,2021,16,,2050,2000,3584,224,112,No,PCIe 4.0 x16, GDDR6,DG2-512
233,NVIDIA,PG506-242,2021,24,,1700,2000,3072,192,96,No,PCIe 4.0 x16, GDDR6,DG2-512
234,NVIDIA,PG506-232,2021,24,,1635,2000,3072,96,48,No,PCIe 4.0 x16, GDDR6,AD107
235,NVIDIA,A30 PCIe,2021,24,,930,2000,3072,96,48,No,PCIe 4.0 x16, GDDR6,AD107
236,NVIDIA,RTX A5000,2021,24,,735,1500,2560,80,48,No,PCIe 4.0 x16,GDDR6,GA106
237,NVIDIA,GeForce RTX 3080 Ti,2021,12,,1607,1376,2560,160,64,No,PCIe 3.0 x16,GDDR5X,GP104
238,NVIDIA,A10G,2021,12,,652,1375,2560,80,32,No,PCIe 4.0 x8, GDDR6,GA107
239,NVIDIA,A10 PCIe,2021,24,,622,1375,2560,80,32,No,PCIe 4.0 x8, GDDR6,GA107
240,NVIDIA,RTX A4500,2021,20,,950,1500,2048,128,32,No,PCIe 3.0 x16,GDDR5,Malta
241,NVIDIA,CMP 90HX,2021,10,,1000,1500,2048,128,32,No,PCIe 3.0 x16,GDDR5,Tahiti
242,NVIDIA,CMP 50HX,2021,10,,735,1500,2048,128,32,No,MXM-B (3.0),GDDR5,Amethyst
243,NVIDIA,RTX A5000 Mobile,2021,16,,723,1250,2048,128,32,No,MXM-B (3.0),GDDR5,Amethyst
244,NVIDIA,RTX A4500 Embedded,2021,16,,920,1250,2048,128,32,No,PCIe 3.0 x16,GDDR5,Tonga
245,NVIDIA,RTX A4000 Mobile,2021,8,,725,1250,2048,128,32,No,PCIe 3.0 x16,GDDR5,Amethyst
246,NVIDIA,RTX A4000,2021,16,,723,1250,2048,128,32,No,PCIe 3.0 x16,GDDR5,Amethyst
247,AMD,Radeon Pro W6900X,2021,32,,723,1250,2048,128,32,No,PCIe 3.0 x16,GDDR5,Amethyst
248,AMD,Radeon Pro W6800X Duo,2021,32,,723,1250,2048,128,32,No,PCIe 3.0 x16,GDDR5,Amethyst
249,AMD,Radeon Pro W6800X,2021,32,,723,1250,2048,128,32,No,MXM-B (3.0),GDDR5,Amethyst
250,AMD,Radeon Pro W6800,2021,32,,1506,2002,1920,120,64,No,PCIe 3.0 x16,GDDR5,GP104
251,AMD,Radeon Pro V620,2021,32,,1365,1750,1920,120,48,No,PCIe 3.0 x16,GDDR6,TU104
252,NVIDIA,GeForce RTX 3080 Mobile,2021,8,,945,1750,1920,120,64,No,PCIe 3.0 x16,GDDR6,TU106
253,NVIDIA,GeForce RTX 3080 Max-Q,2021,8,,945,1750,1920,120,64,No,PCIe 3.0 x16,GDDR6,TU106
254,NVIDIA,GeForce RTX 3070 Ti,2021,8,,960,1750,1920,120,48,No,PCIe 3.0 x16,GDDR6,TU106
255,NVIDIA,GeForce RTX 3070 Mobile,2021,8,,1365,1750,1920,120,48,No,PCIe 3.0 x16,GDDR6,TU106
256,NVIDIA,GeForce RTX 3070 Max-Q,2021,8,,600,1500,1920,120,64,No,PCIe 3.0 x16,GDDR6,TU106
257,NVIDIA,CMP 70HX,2021,8,,975,1375,1920,120,48,No,PCIe 3.0 x16,GDDR6,TU106
258,NVIDIA,CMP 40HX,2021,8,,1005,1375,1920,120,48,No,PCIe 3.0 x16,GDDR6,TU106B
259,NVIDIA,RTX A4500 Mobile,2021,12,,1019,1500,512,32,16,No,PCIe 3.0 x8,GDDR5,Baffin
260,NVIDIA,RTX A3000 Mobile 12 GB,2021,12,,1124,1500,512,32,16,No,PCIe 3.0 x8,GDDR5,Lexa
261,NVIDIA,RTX A3000 Mobile 12 GB,2021,12,,925,1500,512,32,16,No,PCIe 3.0 x8,GDDR5,Lexa
262,NVIDIA,RTX A3000 Mobile,2021,6,,1124,1500,512,32,16,No,PCIe 3.0 x8,GDDR5,Lexa
263,NVIDIA,RTX A2000 12 GB,2021,12,,1124,1500,512,32,16,No,MXM-A (3.0),GDDR5,Lexa
264,NVIDIA,RTX A2000,2021,6,,1124,1500,512,32,16,No,PCIe 3.0 x8,GDDR5,Lexa
265,AMD,Radeon RX 6800M,2021,12,,1100,1500,512,32,16,No,PCIe 3.0 x8,GDDR5,Lexa
266,AMD,Radeon RX 6700 XT,2021,12,,980,1500,512,32,16,No,PCIe 3.0 x8,GDDR5,Lexa
267,AMD,Radeon RX 6700,2021,6,,925,1500,512,32,16,No,PCIe 3.0 x8,GDDR5,Lexa
268,NVIDIA,GeForce RTX 3060 Mobile,2021,6,,1124,1500,512,32,16,No,PCIe 3.0 x8,GDDR5,Lexa
269,NVIDIA,GeForce RTX 3060 Max-Q,2021,6,,1124,1500,512,32,16,No,MXM-A (3.0),GDDR5,Lexa
270,NVIDIA,GeForce RTX 3060 GA104,2021,12,,1000,1375,512,32,16,No,IGP, LPDDR5,Sephiroth
271,NVIDIA,GeForce RTX 3060,2021,12,,1000,1375,512,32,16,No,IGP, LPDDR5,Van Gogh
272,NVIDIA,GeForce RTX 2060 12 GB,2021,12,,756,1253,512,32,16,No,MXM-A (3.0),GDDR5,GM107
273,NVIDIA,CMP 30HX,2021,6,,993,1253,512,32,16,No,MXM-A (3.0),GDDR5,GM107
274,AMD,Radeon RX 6700M,2021,10,,725,800,480,24,8,No,MXM-A (3.0),GDDR3,Whistler
275,NVIDIA,T600 Mobile,2021,4,,450,800,480,24,8,No,PCIe 2.0 x16,DDR3,Whistler
276,NVIDIA,T600,2021,4,,600,800,480,24,16,No,MXM-A (3.0),GDDR3,Whistler
277,NVIDIA,T1000 8 GB,2021,8,,550,800,480,24,8,No,MXM-A (3.0),GDDR3,Pinewood
278,NVIDIA,T1000,2021,4,,600,800,480,24,8,No,PCIe 2.0 x16,GDDR5,Turks
279,NVIDIA,RTX A4 Mobile,2021,4,,600,800,480,24,8,No,MXM-A (3.0),GDDR5,Turks
280,NVIDIA,RTX A2000 Mobile,2021,4,,600,800,480,24,8,No,PCIe 2.0 x16,GDDR5,Thames
281,NVIDIA,RTX A2000 Embedded,2021,8,,500,800,480,24,16,No,PCIe 2.0 x16,GDDR5,Thames
282,NVIDIA,RTX A1000 Embedded,2021,4,,500,800,480,24,8,No,PCIe 2.0 x16,GDDR5,Turks
283,AMD,Radeon RX 6600M,2021,8,,598,794,480,24,8,No,MXM-A (3.0),GDDR5,Whistler
284,AMD,Radeon RX 6600 XT,2021,8,,500,600,480,24,8,No,PCIe 2.0 x16,GDDR5,Whistler
285,AMD,Radeon RX 6600,2021,8,,650,500,480,24,8,No,PCIe 2.0 x16,GDDR3,Thames
286,AMD,Radeon Pro W6600M,2021,8,,300,,448,28,8,Yes,IGP,,Barcelo
287,AMD,Radeon Pro W6600,2021,8,,300,,448,28,8,Yes,IGP,,Cezanne
288,NVIDIA,Quadro T1200 Mobile,2021,4,,300,,448,28,8,Yes,IGP,,Cezanne
289,NVIDIA,GeForce RTX 3050 Ti Mobile,2021,4,,300,,448,32,8,Yes,IGP,,Lucienne
290,NVIDIA,GeForce RTX 3050 Ti Mobile,2021,4,,400,,448,28,8,Yes,IGP,,Renoir
291,NVIDIA,GeForce RTX 3050 Mobile,2021,4,,732,950,448,56,40,No,PCIe 2.0 x16,GDDR5,GF110
292,NVIDIA,A2,2021,16,,608,837,448,56,40,No,PCIe 2.0 x16,GDDR5,GF100
293,NVIDIA,A16 PCIe,2021,16,,608,837,448,56,40,No,PCIe 2.0 x16,GDDR5,GF100
294,NVIDIA,T400 4 GB,2021,4,,550,800,48,16,8,No,PCIe 2.0 x16,GDDR3,GT216
295,NVIDIA,T400,2021,2,,500,800,48,16,8,No,PCIe 2.0 x16,GDDR3,GT216
296,NVIDIA,RTX A500 Embedded,2021,4,,810,800,48,8,4,No,MXM,DDR3,GF119
297,NVIDIA,GeForce RTX 2050 Mobile,2021,4,,672,800,48,8,4,No,PCIe 2.0 x16,DDR3,GF108
298,NVIDIA,GeForce GT 1010 DDR4,2021,2,,740,800,48,8,4,No,PCIe 2.0 x16,DDR3,GF119
299,NVIDIA,GeForce GT 1010,2021,2,,672,800,48,8,2,No,PCIe 2.0 x16,DDR3,GF108
300,Intel,UHD Graphics P750,2021,,,350,275,,8,4,No,PCIe 1.0 x16,DDR,NV38
301,Intel,UHD Graphics 770,2021,,,350,275,,8,4,No,PCIe 1.0 x16,DDR,NV35
302,Intel,UHD Graphics 750,2021,,,220,275,,16,4,No,AGP 4x,DDR,Parhelia-512
303,Intel,UHD Graphics 730,2021,,,450,275,,4,4,No,AGP 8x,DDR,NV36
304,Intel,UHD Graphics,2021,,,275,275,,4,4,No,AGP 4x,DDR,RV250
305,Intel,UHD Graphics,2021,,,275,275,,8,4,No,AGP 8x,DDR,NV35
306,Intel,UHD Graphics,2021,,,450,275,,4,4,No,AGP 8x,DDR,M11
307,AMD,Radeon Vega 8 Mobile,2021,,,425,275,,4,4,No,PCIe 1.0 x16,DDR,NV39
308,AMD,Radeon Vega 8,2021,,,300,275,,4,2,No,AGP 8x,DDR2,NV44
309,AMD,Radeon Vega 7 Mobile,2021,,,300,275,,2,4,No,PCIe 1.0 x16,DDR,NV43
310,AMD,Radeon Vega 7,2021,,,275,275,,8,4,No,AGP 8x,SDR,NV28
311,AMD,Radeon Vega 6 Mobile,2021,,,275,275,,4,4,No,AGP 8x,DDR,NV34
312,AMD,Radeon Vega 6,2021,,,275,275,,4,4,No,AGP 4x,DDR,RV250
313,AMD,Radeon Graphics 448SP,2021,,,275,275,,8,4,No,AGP 4x,DDR,NV25
314,NVIDIA,GRID A100B,2020,48,,1303,1808,3840,240,96,No,PCIe 3.0 x16,GDDR5X,GP102
315,NVIDIA,GRID A100A,2020,48,,1025,1808,3840,240,96,No,PCIe 3.0 x16,GDDR5X,GP102
316,NVIDIA,A100 SXM4 80 GB,2020,80,,817,1500,3840,120,48,No,PCIe 4.0 x16,GDDR6,GA106
317,NVIDIA,A100 SXM4 40 GB,2020,40,,1405,1426,3840,240,96,No,PCIe 3.0 x16,GDDR5X,GP102
318,NVIDIA,A100 PCIe,2020,40,,1506,1127,3840,240,96,No,PCIe 3.0 x16,GDDR5X,GP102
319,AMD,Radeon Pro VII,2020,16,,1320,1875,3584,112,64,No,PCIe 4.0 x16, GDDR6,GA104
320,AMD,Radeon Instinct MI100,2020,32,,1320,1875,3584,112,48,No,PCIe 4.0 x16, GDDR6,GA106
321,AMD,Radeon Pro V520,2020,8,,1035,1750,3072,192,64,No,PCIe 3.0 x16,GDDR6,TU104B
322,AMD,Radeon Pro 5600M,2020,8,,1365,1750,3072,192,64,No,PCIe 3.0 x16,GDDR6,TU104
323,NVIDIA,RTX A6000,2020,48,,930,1375,2560,160,64,No,PCIe 3.0 x16,GDDR6,TU104
324,NVIDIA,Quadro RTX 6000 Mobile,2020,24,,893,1375,2560,80,48,No,PCIe 4.0 x16,GDDR6,GA106
325,NVIDIA,GRID RTX T10-8,2020,8,,1000,1350,2560,160,64,No,PCIe 3.0 x16,GDDR5,Grenada
326,NVIDIA,GRID RTX T10-4,2020,4,,1290,1251,2560,160,64,No,PCIe 3.0 x16,GDDR5X,GP104
327,NVIDIA,GRID RTX T10-2,2020,2,,1556,1251,2560,160,64,No,PCIe 3.0 x16,GDDR5X,GP104
328,NVIDIA,GRID RTX T10-16,2020,16,,1607,1251,2560,160,64,No,PCIe 3.0 x16,GDDR5X,GP104
329,NVIDIA,GeForce RTX 3090,2020,24,,824,1250,2560,160,64,No,PCIe 3.0 x16,GDDR5,Hawaii
330,NVIDIA,A40 PCIe,2020,48,,824,1250,2560,160,64,No,PCIe 3.0 x16,GDDR5,Hawaii
331,AMD,Xbox Series X GPU,2020,10,,1130,1500,2048,128,64,No,PCIe 4.0 x16,GDDR6,Navi 10
332,NVIDIA,GeForce RTX 3080,2020,10,,1192,1500,2048,64,48,No,PCIe 4.0 x16,GDDR6,GA107S
333,AMD,Radeon RX 6900 XT,2020,16,,960,1353,1920,120,48,No,PCIe 3.0 x16,GDDR6,TU106B
334,AMD,Radeon RX 6800 XT,2020,16,,1607,1251,1920,120,64,No,PCIe 3.0 x16,GDDR5X,GP104
335,AMD,Radeon RX 6800,2020,16,,1506,1001,1920,120,64,No,PCIe 3.0 x16,GDDR5X,GP104
336,AMD,Radeon RX 590 GME,2020,8,,1500,2000,1792,112,64,No,PCIe 4.0 x16, GDDR6,Navi 33
337,AMD,Radeon RX 5700M,2020,8,,1500,2000,1792,112,64,No,PCIe 4.0 x16, GDDR6,Navi 33
338,AMD,Radeon Pro 5700 XT,2020,16,,1202,1901,1792,112,64,No,PCIe 3.0 x16,GDDR5,GP104
339,AMD,Radeon Pro 5700,2020,8,,1328,1753,1792,112,64,No,MXM-B (3.0),GDDR5,GP104
340,NVIDIA,Quadro RTX 5000 Mobile Refresh,2020,16,,1139,1753,1792,112,64,No,MXM-B (3.0),GDDR5,GP104
341,AMD,Playstation 5 GPU,2020,16,,1626,1750,1792,112,64,No,PCIe 4.0 x8, GDDR6,Navi 23
342,NVIDIA,GeForce RTX 3070,2020,8,,1700,1750,1792,112,64,No,PCIe 4.0 x8, GDDR6,Navi 23
343,NVIDIA,GeForce RTX 3060 Ti,2020,8,,2068,1750,1792,112,64,No,PCIe 4.0 x8, GDDR6,Navi 23
344,NVIDIA,GeForce RTX 2080 SUPER Mobile,2020,8,,1700,1750,1792,112,64,No,PCIe 4.0 x8, GDDR6,Navi 23
345,NVIDIA,GeForce RTX 2080 SUPER Max-Q,2020,8,,1074,1750,1792,112,32,No,PCIe 3.0 x16,GDDR5,Ellesmere
346,NVIDIA,GeForce RTX 2070 SUPER Mobile,2020,8,,2068,1750,1792,112,64,No,PCIe 4.0 x8,GDDR6,Navi 23
347,NVIDIA,GeForce RTX 2070 SUPER Max-Q,2020,8,,1626,1750,1792,112,64,No,PCIe 4.0 x8,GDDR6,Navi 23
348,NVIDIA,GeForce RTX 2070 Mobile Refresh,2020,8,,2200,1750,1792,112,64,No,PCIe 4.0 x16,GDDR6,Navi 23
349,NVIDIA,GeForce RTX 2070 Max-Q Refresh,2020,8,,2331,1750,1792,112,64,No,PCIe 4.0 x16,GDDR6,Navi 23
350,AMD,AeroBox GPU,2020,8,,1000,1700,1792,112,32,No,PCIe 3.0 x16,GDDR5,Polaris 20
351,AMD,Radeon RX 5600M,2020,6,,1087,1253,512,32,32,No,PCIe 3.0 x16,GDDR5,GM206
352,AMD,Radeon RX 5600 XT,2020,6,,1020,1253,512,32,16,No,PCIe 3.0 x16,GDDR5,GM107
353,AMD,Radeon RX 5600 OEM,2020,6,,795,1253,512,32,8,No,PCIe 3.0 x8,GDDR5,GM107
354,NVIDIA,GeForce RTX 2060 TU104,2020,6,,1266,1252,512,32,16,No,PCIe 3.0 x16,GDDR5,GP107
355,NVIDIA,GeForce RTX 2060 Max-Q,2020,6,,1058,1250,512,32,16,No,PCIe 2.0 x16,GDDR5,GM107
356,AMD,Xbox Series S GPU,2020,8,,574,783,448,56,48,No,PCIe 2.0 x16,GDDR5,GF110
357,AMD,Radeon Pro W5500M,2020,4,,574,783,448,56,48,No,PCIe 2.0 x16,GDDR5,GF100
358,AMD,Radeon Pro W5500,2020,8,,574,783,448,56,48,No,PCIe 2.0 x16,GDDR5,GF100
359,AMD,Radeon Pro 5500 XT,2020,8,,574,783,448,56,48,No,PCIe 2.0 x16,GDDR5,GF110
360,AMD,Radeon Pro 5300,2020,4,,574,773,448,56,48,No,PCIe 2.0 x16,GDDR5,GF100
361,NVIDIA,Quadro T1000 Mobile GDDR6,2020,4,,575,773,448,56,48,No,PCIe 2.0 x16,GDDR5,GF100
362,Intel,Iris Xe MAX Graphics,2020,4,,574,750,448,56,48,No,PCIe 2.0 x16,GDDR5,GF100
363,Intel,H3C XG310,2020,8,,574,747,448,56,48,No,PCIe 2.0 x16,GDDR5,GF100
364,NVIDIA,GeForce GTX 1650 TU116,2020,4,,574,747,448,56,48,No,PCIe 2.0 x16,GDDR5,GF100
365,NVIDIA,GeForce GTX 1650 TU106,2020,4,,574,747,448,56,48,No,PCIe 2.0 x16,GDDR5,GF100
366,NVIDIA,GeForce GTX 1650 Ti Mobile,2020,4,,444,,400,20,8,Yes,IGP,,Sumo
367,NVIDIA,GeForce GTX 1650 Ti Mobile,2020,4,,600,,400,20,8,Yes,IGP,,Sumo
368,NVIDIA,GeForce GTX 1650 Ti Max-Q,2020,4,,775,1000,400,20,8,No,PCIe 2.0 x16,GDDR5,Redwood
369,NVIDIA,GeForce GTX 1650 Mobile,2020,4,,775,1000,400,20,8,No,PCIe 2.0 x16,GDDR3,Redwood
370,NVIDIA,GeForce GTX 1650 Max-Q,2020,4,,775,1000,400,20,8,No,PCIe 2.0 x16,GDDR5,Redwood
371,NVIDIA,GeForce GTX 1650 GDDR6,2020,4,,650,900,400,20,8,No,MXM-II,GDDR5,Capilano
372,AMD,Atari VCS 800 GPU,2020,8,,600,900,400,20,8,No,MXM-II,DDR3,Lexington
373,AMD,Atari VCS 400 GPU,2020,4,,600,900,400,20,8,No,MXM-II,DDR3,Capilano
374,AMD,Radeon RX 5300,2020,3,,530,800,48,24,16,No,PCIe 2.0 x16,GDDR3,G94
375,NVIDIA,T500 Mobile,2020,2,,574,800,48,8,4,No,PCIe 2.0 x16,DDR3,GF119
376,NVIDIA,GeForce MX450 30.5W 8Gbps,2020,2,,475,800,48,16,8,No,PCIe 2.0 x16,DDR3,GT216
377,NVIDIA,GeForce MX450 30.5W 10Gbps,2020,2,,530,799,48,24,16,No,MXM-HE,GDDR3,G94
378,NVIDIA,GeForce MX450 25W,2020,2,,600,792,48,24,12,No,PCIe 2.0 x16,GDDR3,G94B
379,NVIDIA,GeForce MX350,2020,2,,550,790,48,16,8,No,MXM-A (3.0),GDDR3,GT216
380,NVIDIA,GeForce MX350,2020,2,,500,790,48,16,8,No,MXM-A (3.0),GDDR3,GT216
381,NVIDIA,GeForce MX330,2020,2,,475,790,48,16,8,No,PCIe 2.0 x16,DDR3,GT216
382,Intel,UHD Graphics P630,2020,,,300,275,,4,2,No,AGP 8x,DDR,NV18
383,Intel,UHD Graphics P630,2020,,,275,275,,8,4,No,AGP 4x,DDR,R200
384,Intel,UHD Graphics G7,2020,,,275,275,,8,4,No,AGP 8x,DDR,R200
385,Intel,UHD Graphics G4,2020,,,275,270,,4,4,No,AGP 8x,DDR,R300
386,Intel,UHD Graphics 630,2020,,,275,270,,8,8,No,AGP 8x,DDR,R300
387,Intel,UHD Graphics 630,2020,,,297,270,,8,8,No,AGP 8x,DDR,R300
388,Intel,UHD Graphics 610,2020,,,275,270,,4,4,No,AGP 8x,DDR,RV250
389,AMD,Radeon Vega 3 Mobile,2020,,,275,270,,8,8,No,AGP 8x,DDR,R300
390,AMD,Radeon Graphics 512SP,2020,,,277,270,,4,4,No,AGP 8x,DDR,R300
391,AMD,Radeon Graphics 512SP,2020,,,250,270,,8,4,No,AGP 4x,DDR,R200
392,AMD,Radeon Graphics 448SP,2020,,,300,266,,8,8,No,AGP 8x,DDR,NV48
393,AMD,Radeon Graphics 384SP,2020,,,275,266,,8,8,No,AGP 8x,DDR2,NV40
394,AMD,Radeon Graphics 320SP,2020,,,400,266,,4,2,No,PCIe 1.0 x16,DDR2,NV44
395,NVIDIA,Jetson Xavier NX GPU,2020,,,452,266,,4,4,No,PCIe 1.0 x16,DDR2,RV516
396,Intel,Iris Xe Graphics G7 96EU,2020,,,450,266,,4,2,No,PCIe 1.0 x16,DDR2,G72
397,Intel,Iris Xe Graphics G7 80EU,2020,,,450,266,,4,2,No,PCIe 1.0 x16,DDR2,G72
398,Intel,Iris Xe Graphics G4,2020,,,450,266,,4,2,No,PCIe 1.0 x16,DDR2,G72
399,Intel,Iris Plus Graphics G7,2020,,,350,266,,4,2,No,PCIe 1.0 x16,DDR2,NV44B
400,NVIDIA,Tesla V100S PCIe 32 GB,2019,32,,1320,1875,3584,112,48,No,PCIe 4.0 x16,GDDR6,GA104
401,NVIDIA,Tesla V100 SXM2 16 GB,2019,16,,1320,1875,3584,112,48,No,PCIe 4.0 x16,GDDR6,GA106
402,NVIDIA,Tesla PG503-216,2019,32,,1350,1750,3584,192,80,No,PCIe 3.0 x16,GDDR6,TU102
403,NVIDIA,Tesla PG500-216,2019,32,,1481,1376,3584,224,88,No,PCIe 3.0 x16,GDDR5X,GP102
404,AMD,Radeon VII,2019,16,,1417,1251,3584,224,96,No,PCIe 3.0 x16,GDDR5X,GP102
405,AMD,Radeon Pro Vega II Duo,2019,32,,930,1215,3584,224,96,No,PCIe 4.0 x16,HBM2,GA100
406,AMD,Radeon Pro Vega II,2019,32,,930,1215,3584,224,96,No,PCIe 4.0 x16,HBM2,GA100
407,AMD,Radeon Pro Vega 64X,2019,16,,1365,1750,3072,192,64,No,PCIe 3.0 x16,GDDR6,TU104
408,AMD,Radeon Pro Vega 48,2019,8,,1620,1750,3072,192,64,No,PCIe 3.0 x16,GDDR6,TU104
409,AMD,Radeon RX 5700 XT 50th Anniversary,2019,8,,1000,1695,1792,112,32,No,PCIe 3.0 x16,GDDR5,Polaris 20
410,AMD,Radeon RX 5700 XT,2019,8,,926,1650,1792,112,32,No,PCIe 3.0 x16,GDDR5,Ellesmere
411,AMD,Radeon RX 5700,2019,8,,930,1600,1792,56,24,No,PCIe 4.0 x4, LPDDR5,GA10B
412,AMD,Radeon RX 560 XT,2019,4,,1227,1502,1792,112,64,No,MXM-B (3.0),GDDR5,GP104
413,AMD,Radeon Pro W5700X,2019,16,,1114,1502,1792,112,64,No,MXM-B (3.0),GDDR5,GP104
414,AMD,Radeon Pro W5700,2019,8,,1065,1500,1792,56,32,No,PCIe 4.0 x8, GDDR6,GA106
415,AMD,Radeon Pro 580X,2019,8,,900,1375,1792,112,32,No,PCIe 3.0 x16,GDDR5,Tahiti
416,AMD,Radeon Pro 575X,2019,4,,900,1375,1792,112,32,No,PCIe 3.0 x16,GDDR5,Tahiti
417,AMD,Radeon Pro 570X,2019,4,,900,1375,1792,112,32,No,PCIe 3.0 x16,GDDR5,Tahiti
418,AMD,Radeon E9560 PCIe,2019,8,,918,1375,1792,112,32,No,PCIe 3.0 x16,GDDR5,Antigua
419,AMD,Radeon E9390 PCIe,2019,8,,970,1375,1792,112,32,No,PCIe 3.0 x16,GDDR5,Antigua
420,NVIDIA,Quadro RTX 5000 Mobile,2019,16,,918,1375,1792,112,32,No,PCIe 3.0 x16,GDDR5,Tonga
421,NVIDIA,Quadro RTX 5000 Max-Q,2019,16,,900,1375,1792,112,32,No,PCIe 3.0 x16,GDDR5,Tahiti
422,NVIDIA,Quadro RTX 4000 Mobile,2019,8,,834,1365,1792,112,32,No,MXM-B (3.0),GDDR5,Amethyst
423,NVIDIA,Quadro RTX 4000 Max-Q,2019,8,,1500,1344,1792,112,64,No,PCIe 4.0 x8, GDDR6,Navi 33
424,NVIDIA,GeForce RTX 2080 SUPER,2019,8,,827,1250,1792,112,32,No,PCIe 3.0 x16,GDDR5,Tahiti
425,NVIDIA,GeForce RTX 2080 Mobile,2019,8,,825,1250,1792,112,32,No,PCIe 3.0 x16,GDDR5,Tahiti
426,NVIDIA,GeForce RTX 2080 Max-Q,2019,8,,825,1250,1792,112,32,No,PCIe 3.0 x16,GDDR5,Tahiti
427,NVIDIA,GeForce RTX 2070 SUPER,2019,8,,850,1250,1792,112,32,No,PCIe 3.0 x16,GDDR5,Tahiti
428,NVIDIA,GeForce RTX 2070 Mobile,2019,8,,800,1250,1792,112,32,No,PCIe 3.0 x16,GDDR5,Tahiti
429,NVIDIA,GeForce RTX 2070 Max-Q,2019,8,,850,1250,1792,112,32,No,PCIe 3.0 x16,GDDR5,Tahiti
430,NVIDIA,GeForce RTX 2060 SUPER,2019,8,,800,1250,1792,112,32,No,PCIe 3.0 x16,GDDR5,Tahiti
431,NVIDIA,Quadro RTX 3000 Mobile Refresh,2019,6,,1200,1200,512,32,0,No,PCIe 2.0 x16,GDDR5,Knights Ferry
432,NVIDIA,Quadro RTX 3000 Mobile,2019,6,,900,1150,512,32,16,No,PCIe 3.0 x16,GDDR5,Cape Verde
433,NVIDIA,Quadro RTX 3000 Max-Q,2019,6,,900,1125,512,32,16,No,PCIe 3.0 x16,GDDR5,Tropo
434,NVIDIA,GeForce RTX 2060 Mobile Refresh,2019,6,,925,1125,512,32,16,No,PCIe 3.0 x16,GDDR5,Cape Verde
435,NVIDIA,GeForce RTX 2060 Mobile,2019,6,,800,1125,512,32,16,No,PCIe 3.0 x16,GDDR5,Cape Verde
436,NVIDIA,GeForce RTX 2060 Max-Q Refresh,2019,6,,900,1125,512,32,16,No,PCIe 3.0 x16,GDDR5,Tropo
437,NVIDIA,GeForce RTX 2060,2019,6,,800,1125,512,32,16,No,PCIe 3.0 x16,GDDR5,Cape Verde
438,NVIDIA,GeForce GTX 1660 Ti Mobile,2019,6,,800,1125,512,32,16,No,PCIe 3.0 x16,GDDR5,Cape Verde
439,NVIDIA,GeForce GTX 1660 Ti Max-Q,2019,6,,800,1125,512,32,16,No,PCIe 3.0 x16,GDDR5,Cape Verde
440,NVIDIA,GeForce GTX 1660 Ti,2019,6,,625,1067,512,16,8,No,PCIe 4.0 x4, LPDDR5,GA10B
441,NVIDIA,GeForce GTX 1660 SUPER,2019,6,,772,1002,512,64,48,No,PCIe 2.0 x16,GDDR5,GF110
442,NVIDIA,GeForce GTX 1660,2019,6,,772,1002,512,64,48,No,PCIe 2.0 x16,GDDR5,GF110
443,NVIDIA,Quadro P2200,2019,5,,600,800,480,24,8,No,PCIe 2.0 x16,DDR3,Whistler
444,AMD,Radeon RX 560X Mobile,2019,4,,450,900,400,20,8,No,MXM-II,DDR3,Capilano
445,AMD,Radeon RX 5500M,2019,4,,775,900,400,20,8,No,PCIe 2.0 x16,GDDR5,Redwood
446,AMD,Radeon RX 5500 XT,2019,4,,450,900,400,20,8,No,PCIe 2.0 x16,DDR3,Thames
447,AMD,Radeon RX 5500 OEM,2019,4,,450,900,400,24,8,No,PCIe 2.0 x16,DDR3,Thames
448,AMD,Radeon RX 5300 XT,2019,4,,650,900,400,20,8,No,PCIe 2.0 x16,DDR3,Redwood
449,AMD,Radeon R7 350 640SP,2019,2,,650,800,400,20,8,No,PCIe 2.0 x16,GDDR3,Redwood
450,AMD,Radeon Pro WX 3200 Mobile,2019,4,,650,800,400,20,8,No,PCIe 2.0 x16,GDDR3,Redwood
451,AMD,Radeon Pro WX 3200,2019,4,,450,800,400,20,8,No,PCIe 2.0 x16,GDDR3,Whistler
452,AMD,Radeon Pro W5300M,2019,4,,550,800,400,20,8,No,PCIe 2.0 x16,GDDR3,Pinewood
453,AMD,Radeon Pro 5500M,2019,8,,650,800,400,20,8,No,PCIe 2.0 x16,GDDR3,Redwood
454,AMD,Radeon Pro 5300M,2019,4,,625,800,400,20,8,No,PCIe 2.0 x16,GDDR5,Pinewood
455,AMD,Radeon 630 Mobile,2019,2,,650,800,400,20,8,No,PCIe 2.0 x16,GDDR5,Madison
456,AMD,Radeon 550X,2019,2,,550,800,400,20,8,No,PCIe 2.0 x16,GDDR5,Madison
457,NVIDIA,Quadro T2000 Mobile,2019,4,,650,800,400,20,8,No,PCIe 2.0 x16,GDDR3,Madison
458,NVIDIA,Quadro T2000 Max-Q,2019,4,,450,800,400,20,8,No,PCIe 2.0 x16,GDDR3,Madison
459,NVIDIA,Quadro T1000 Mobile,2019,4,,650,800,400,20,8,No,PCIe 2.0 x16,GDDR5,Madison
460,NVIDIA,Quadro T1000 Max-Q,2019,4,,600,800,400,20,8,No,MXM-II,GDDR3,Capilano
461,NVIDIA,Quadro P2000 Mobile,2019,3.75,,450,800,400,20,8,No,PCIe 2.0 x16,DDR3,Thames
462,NVIDIA,P106M,2019,4,,775,800,400,20,8,No,MXM-A (3.0),DDR3,Redwood
463,NVIDIA,GeForce GTX 1650 SUPER,2019,4,,650,795,400,20,8,No,PCIe 2.0 x16,GDDR3,Madison
464,NVIDIA,GeForce GTX 1650 Mobile,2019,4,,650,600,400,20,8,No,PCIe 2.0 x16,GDDR3,Redwood
465,NVIDIA,GeForce GTX 1650 Max-Q,2019,4,,650,500,400,20,8,No,PCIe 2.0 x16,GDDR3,Redwood
466,NVIDIA,GeForce GTX 1650,2019,4,,650,500,400,20,8,No,PCIe 2.0 x16,GDDR3,Redwood
467,AMD,Radeon RX 5300M,2019,3,,550,800,48,16,8,No,MXM-A (3.0),GDDR3,GT216
468,NVIDIA,GeForce GTX 1050 Mobile 3 GB,2019,3,,500,800,48,8,4,No,PCIe 2.0 x16,DDR3,GF108
469,NVIDIA,Switch GPU 16nm,2019,4,,450,770,48,16,8,No,PCIe 2.0 x16,DDR3,GT216
470,AMD,Radeon RX 640 Mobile,2019,2,,450,700,48,16,8,No,PCIe 2.0 x16,DDR3,GT216
471,AMD,Radeon 625 Mobile,2019,2,,600,700,48,24,8,No,PCIe 2.0 x16,GDDR3,G94
472,AMD,Radeon 620 Mobile,2019,2,,506,700,48,16,8,No,PCIe 2.0 x16,GDDR3,GT215
473,AMD,Radeon 610 Mobile,2019,2,,810,667,48,8,4,No,PCI,DDR3,GF119
474,AMD,Radeon 540X Mobile,2019,2,,700,667,48,8,2,No,PCIe 2.0 x16,DDR3,GF108
475,AMD,Radeon 540 Mobile,2019,2,,500,500,48,24,12,No,PCIe 2.0 x16,DDR2,G94B
476,NVIDIA,Quadro P520 Mobile,2019,2,,701,500,48,8,2,No,PCIe 2.0 x16,DDR3,GF108
477,NVIDIA,GeForce MX250,2019,2,,810,500,48,8,4,No,PCIe 2.0 x1,DDR3,GF119
478,NVIDIA,GeForce MX250,2019,2,,550,500,48,8,4,No,PCIe 2.0 x16,DDR3,GF119
479,NVIDIA,GeForce MX230,2019,2,,589,500,48,8,4,No,PCIe 2.0 x16,DDR3,GF119
480,NVIDIA,GeForce MX150 GP107,2019,2,,506,350,48,16,4,No,PCIe 2.0 x16,DDR2,GT215
481,Intel,UHD Graphics G1,2019,,,350,266,,2,2,No,AGP 8x,DDR,NV44
482,Intel,UHD Graphics,2019,,,350,266,,2,2,No,PCIe 1.0 x16,DDR,NV44
483,Intel,UHD Graphics,2019,,,350,266,,4,2,No,AGP 8x,DDR2,NV44
484,Intel,UHD Graphics,2019,,,300,266,,4,2,No,PCI,DDR,NV43
485,AMD,Radeon Vega 9 Mobile,2019,,,350,266,,2,2,No,PCIe 1.0 x16,DDR2,NV44
486,AMD,Radeon Vega 8 Mobile,2019,,,275,256,,4,4,No,AGP 8x,DDR,NV18
487,AMD,Radeon Vega 8 Mobile,2019,,,350,250,,16,16,No,AGP 8x,DDR,NV40
488,AMD,Radeon Vega 8 Mobile,2019,,,425,250,,4,4,No,AGP 8x,DDR,NV36
489,AMD,Radeon Vega 8,2019,,,200,250,,16,4,No,AGP 4x,DDR,Parhelia-512
490,AMD,Radeon Vega 6 Mobile,2019,,,200,250,,16,4,No,AGP 4x,DDR,Parhelia-512
491,AMD,Radeon Vega 6 Mobile,2019,,,250,250,,8,8,No,PCIe 1.0 x16,GDDR3,NV43
492,AMD,Radeon Vega 3 Mobile,2019,,,250,250,,8,2,No,PCIe 1.0 x16,DDR,Parhelia-512
493,AMD,Radeon Vega 3 Embedded,2019,,,445,250,,4,4,No,PCIe 1.0 x16,DDR2,M54
494,AMD,Radeon Vega 3 Embedded,2019,,,350,250,,4,4,No,PCIe 1.0 x16,DDR2,M52
495,AMD,Radeon Vega 3,2019,,,400,250,,4,4,No,PCIe 1.0 x16,DDR2,RV370
496,AMD,Radeon Vega 11,2019,,,400,250,,4,4,No,PCIe 1.0 x16,DDR,RV370
497,AMD,Radeon Vega 10 Mobile,2019,,,450,250,,4,4,No,PCI,DDR,RV515
498,AMD,Radeon Vega 10 Mobile,2019,,,450,250,,4,4,No,AGP 8x,DDR,RV515
499,AMD,Radeon Vega 10 Mobile,2019,,,450,250,,4,4,No,PCIe 1.0 x16,DDR,RV516
500,AMD,Radeon RX Vega 11 Mobile,2019,,,450,250,,4,4,No,PCIe 1.0 x16,DDR,RV515
501,AMD,Radeon RX Vega 11,2019,,,300,250,,4,4,No,PCIe 1.0 x16,DDR,NV43
502,NVIDIA,Jetson Nano GPU,2019,,,400,250,,8,8,No,AGP 8x,DDR,RV410
503,Intel,Iris Plus Graphics G4,2019,,,400,250,,8,8,No,PCIe 1.0 x16,DDR,RV410
504,Intel,Iris Plus Graphics 645,2019,,,400,250,,4,4,No,PCIe 1.0 x16,DDR,RV370
505,NVIDIA,TITAN V CEO Edition,2018,32,,930,1215,3584,224,96,No,PCIe 4.0 x16,HBM2,GA100
506,NVIDIA,Tesla V100 SXM3 32 GB,2018,32,,1200,1000,3584,224,64,No,PCIe 3.0 x16,HBM2,Vega 10
507,NVIDIA,Tesla V100 SXM2 32 GB,2018,32,,1200,1000,3584,224,64,No,PCIe 3.0 x16,HBM2,Vega 10
508,NVIDIA,Tesla V100 PCIe 32 GB,2018,32,,852,945,3584,224,64,No,PCIe 3.0 x16,HBM2,Vega 10
509,NVIDIA,Tesla V100 FHHL,2018,16,,1138,800,3584,224,64,No,PCIe 3.0 x16,HBM2,Vega 10
510,NVIDIA,Tesla V100 DGXS 32 GB,2018,32,,1156,800,3584,224,64,No,PCIe 3.0 x16,HBM2,Vega 10
511,NVIDIA,Tesla V100 DGXS 16 GB,2018,16,,1138,786,3584,224,64,No,PCIe 3.0 x16,HBM2,Vega 10
512,AMD,Radeon Instinct MI60,2018,32,,1328,715,3584,224,96,No,PCIe 3.0 x16,HBM2,GP100
513,AMD,Radeon Instinct MI50,2018,16,,1190,715,3584,224,96,No,PCIe 3.0 x16,HBM2,GP100
514,NVIDIA,Quadro GV100,2018,32,,1328,715,3584,224,96,No,PCIe 3.0 x16,HBM2,GP100
515,AMD,Radeon RX Vega 56 Mobile,2018,8,,988,1653,3072,256,96,No,PCIe 3.0 x16,GDDR5,GM200
516,AMD,Radeon Pro WX 8200,2018,8,,988,1653,3072,192,96,No,PCIe 3.0 x16,GDDR5,GM200
517,AMD,Radeon Pro V340,2018,16,,948,1502,3072,192,96,No,PCIe 3.0 x16,GDDR5,GM200
518,AMD,Radeon RX Vega M GL,2018,4,,745,1502,2880,240,48,No,PCIe 3.0 x16,GDDR5,GK110B
519,AMD,Radeon RX Vega M GH,2018,4,,745,1502,2880,240,48,No,PCIe 3.0 x16,GDDR5,GK110B
520,AMD,Radeon Pro WX Vega M GL,2018,4,,745,1502,2880,240,48,No,PCIe 3.0 x16,GDDR5,GK180
521,AMD,Radeon Pro Vega 20,2018,4,,902,1502,2880,240,48,No,PCIe 3.0 x16,GDDR5,GK110
522,AMD,Radeon Pro Vega 16,2018,4,,797,1502,2880,240,48,No,PCIe 3.0 x16,GDDR5,GK110B
523,NVIDIA,TITAN RTX,2018,24,,947,1250,2560,160,64,No,PCIe 3.0 x16,GDDR5,Hawaii
524,NVIDIA,Quadro RTX 8000 Passive,2018,48,,585,1250,2560,160,64,No,PCIe 3.0 x16,GDDR6,TU104
525,NVIDIA,Quadro RTX 8000,2018,48,,1607,1127,2560,160,64,No,PCIe 3.0 x16,GDDR5X,GP104
526,NVIDIA,Quadro RTX 6000 Passive,2018,24,,1000,770,2560,160,64,No,PCIe 4.0 x16,HBM2,Navi 12
527,NVIDIA,Quadro RTX 6000,2018,24,,575,1300,2496,208,40,No,PCIe 2.0 x16,GDDR5,GK110
528,NVIDIA,GeForce RTX 2080 Ti,2018,11,,850,1500,2048,128,32,No,PCIe 3.0 x16,GDDR5,Tahiti
529,NVIDIA,P102-101,2018,10,,712,1500,2048,64,32,No,PCIe 4.0 x8,GDDR6,GA107
530,NVIDIA,P102-100,2018,5,,970,1425,2048,128,32,No,PCIe 3.0 x16,GDDR5,Antigua
531,AMD,Zhongshan Subor Z+ GPU,2018,8,,800,1250,1792,112,32,No,PCIe 3.0 x16,GDDR5,Tahiti
532,NVIDIA,Tesla T4,2018,16,,825,1250,1792,112,32,No,PCIe 3.0 x16,GDDR5,Tahiti
533,AMD,Radeon RX 590,2018,8,,825,1250,1792,112,32,No,PCIe 3.0 x16,GDDR5,Tahiti
534,AMD,Radeon RX 580X Mobile,2018,8,,713,1250,1792,112,32,No,PCIe 3.0 x16,GDDR5,Ellesmere
535,AMD,Radeon RX 580X,2018,8,,713,1250,1792,112,32,No,PCIe 3.0 x16,GDDR5,Ellesmere
536,AMD,Radeon RX 580G,2018,8,,1050,1250,1792,112,32,No,PCIe 3.0 x16,GDDR5,Tonga
537,AMD,Radeon RX 580 2048SP,2018,4,,920,1250,1792,112,32,No,PCIe 3.0 x16,GDDR5,Tonga
538,AMD,Radeon RX 570X,2018,8,,1050,1753,1664,104,56,No,PCIe 3.0 x16,GDDR5,GM204
539,NVIDIA,Quadro RTX 5000,2018,16,,773,1502,1664,104,64,No,PCIe 3.0 x16,GDDR5,GM204
540,NVIDIA,Quadro RTX 4000,2018,8,,1050,1500,1664,104,64,No,PCIe 3.0 x16,GDDR5,GM204
541,NVIDIA,Quadro P5200 Mobile,2018,16,,850,1200,1600,80,32,No,PCIe 2.0 x16,GDDR5,Cypress
542,NVIDIA,Quadro P5200 Max-Q,2018,16,,850,1200,1600,80,32,No,PCIe 2.0 x16,GDDR5,Cypress
543,NVIDIA,Quadro P4200 Mobile,2018,8,,850,1195,1600,80,32,No,PCIe 2.0 x16,GDDR5,Cypress
544,NVIDIA,P104-101,2018,4,,825,1150,1600,80,32,No,PCIe 2.0 x16,GDDR5,Cypress
545,NVIDIA,GeForce RTX 2080,2018,8,,850,1150,1600,80,32,No,PCIe 2.0 x16,GDDR5,Cypress
546,NVIDIA,GeForce RTX 2070,2018,8,,850,1150,1600,80,32,No,PCIe 2.0 x16,GDDR5,Cypress
547,NVIDIA,GeForce GTX 1070 GDDR5X,2018,8,,825,1150,1600,80,32,No,PCIe 2.0 x16,GDDR5,Cypress
548,NVIDIA,Quadro P3200 Mobile,2018,6,,863,1001,512,32,16,No,PCIe 3.0 x16,DDR3,GM107
549,NVIDIA,Quadro P3200 Max-Q,2018,6,,900,1000,512,32,16,No,PCIe 3.0 x16,GDDR5,Tropo
550,NVIDIA,GeForce GTX 1060 6 GB Rev. 2,2018,6,,630,1000,512,32,16,No,PCIe 3.0 x16,GDDR5,Cape Verde
551,NVIDIA,GeForce GTX 1060 6 GB GP104,2018,6,,675,1000,512,32,16,No,PCIe 2.0 x16,GDDR5,Chelsea
552,NVIDIA,GeForce GTX 1060 6 GB GDDR5X,2018,6,,575,1000,512,32,16,No,PCIe 2.0 x16,GDDR5,Chelsea
553,AMD,Radeon RX 560X Mobile,2018,4,,1500,,384,24,16,Yes,PCIe 4.0 x8,,Rembrandt+
554,AMD,Radeon RX 560X Mobile,2018,2,,300,,384,24,8,Yes,Ring Bus,,Meteor Lake GT1
555,AMD,Radeon RX 560X Mobile,2018,4,,300,,384,24,12,Yes,Ring Bus,,Alder Lake GT1
556,AMD,Radeon RX 560X,2018,4,,1500,,384,24,16,Yes,PCIe 4.0 x8,,Rembrandt
557,AMD,Radeon RX 560DX,2018,4,,300,,384,24,8,Yes,IGP,,Cezanne
558,AMD,Radeon RX 550X 640SP,2018,2,,300,,384,24,8,Yes,IGP,,Cezanne
559,AMD,Radeon RX 550X,2018,4,,200,,384,32,8,Yes,Ring Bus,,Lakefield GT1
560,AMD,Radeon RX 540X Mobile,2018,2,,400,,384,24,8,Yes,IGP,,Renoir
561,AMD,Radeon Pro 560X,2018,4,,854,,384,24,16,Yes,IGP,,GV10B
562,AMD,Radeon Pro 555X,2018,4,,300,,384,24,12,Yes,Ring Bus,,Tiger Lake GT2
563,NVIDIA,Quadro P620 Mobile,2018,4,,300,,384,24,8,Yes,IGP,,Raven
564,NVIDIA,Quadro P620,2018,2,,300,,384,24,8,Yes,IGP,,Picasso
565,NVIDIA,GeForce GTX 1050 Ti Max-Q,2018,4,,300,,384,24,8,Yes,Ring Bus,,Ice Lake GT1
566,NVIDIA,GeForce GTX 1050 Max-Q,2018,4,,300,,384,48,6,Yes,Ring Bus,,Coffee Lake GT3e
567,NVIDIA,GeForce GT 1030 GK107,2018,2,,300,,384,24,8,Yes,IGP,,Raven
568,NVIDIA,GeForce GTX 1050 3 GB,2018,3,,575,800,48,16,8,No,MXM-A (3.0),GDDR3,GT216
569,AMD,Radeon RX 550X Mobile,2018,2,,625,333,48,16,8,No,PCIe 2.0 x16,DDR3,GT216
570,AMD,Radeon 550X Mobile,2018,4,,500,,40,4,4,Yes,PCIe 1.0 x16,,RS880
571,AMD,Radeon 550X 640SP,2018,4,,560,,40,4,4,Yes,PCIe 1.0 x16,,RS880
572,AMD,Radeon 540X Mobile,2018,2,,590,,40,4,4,Yes,PCIe 1.0 x16,,RS880
573,NVIDIA,Quadro P500 Mobile,2018,2,,500,,40,4,4,Yes,PCI,,RS880
574,NVIDIA,GeForce GT 1030 DDR4,2018,2,,380,,40,4,4,Yes,PCIe 1.0 x16,,RS880
575,Intel,UHD Graphics P630,2018,,,275,250,,4,4,No,PCIe 1.0 x16,DDR,NV37
576,Intel,UHD Graphics P630,2018,,,275,250,,4,4,No,AGP 8x,DDR,NV34
577,Intel,UHD Graphics 630,2018,,,300,250,,8,8,No,PCIe 1.0 x16,GDDR3,NV43
578,Intel,UHD Graphics 620,2018,,,400,250,,4,4,No,PCIe 1.0 x16,DDR,M24
579,Intel,UHD Graphics 617,2018,,,400,250,,4,4,No,PCIe 1.0 x16,DDR,M24
580,Intel,UHD Graphics 615,2018,,,400,250,,4,4,No,PCIe 1.0 x16,DDR2,M24
581,Intel,UHD Graphics 610,2018,,,300,250,,8,4,No,PCIe 1.0 x16,DDR,NV43
582,Intel,UHD Graphics 610,2018,,,300,250,,8,4,No,PCIe 1.0 x16,DDR,NV43
583,AMD,Radeon Vega 8 Embedded,2018,,,250,250,,8,4,No,PCI,DDR,R200
584,AMD,Radeon Vega 8 Embedded,2018,,,250,250,,8,4,No,AGP 4x,DDR,R200
585,AMD,Radeon Vega 8,2018,,,250,250,,4,2,No,AGP 4x,DDR,NV17
586,AMD,Radeon Vega 6 Mobile,2018,,,275,250,,4,4,No,AGP 8x,DDR,NV31
587,AMD,Radeon Vega 6 Embedded,2018,,,275,250,,4,4,No,AGP 8x,DDR,NV34
588,AMD,Radeon Vega 3 Mobile,2018,,,250,250,,4,4,No,AGP 8x,DDR,NV34
589,AMD,Radeon Vega 3 Embedded,2018,,,250,250,,4,4,No,AGP 8x,DDR,NV34B
590,AMD,Radeon Vega 3 Embedded,2018,,,250,250,,4,4,No,AGP 8x,DDR,NV34B
591,AMD,Radeon Vega 3 Embedded,2018,,,325,250,,4,4,No,AGP 8x,DDR,NV31
592,AMD,Radeon Vega 11 Embedded,2018,,,250,250,,8,4,No,AGP 4x,DDR,R200
593,AMD,Radeon RX Vega 11 Mobile,2018,,,250,250,,8,2,No,AGP 8x,DDR,Parhelia-LX
594,AMD,Radeon RX Vega 11 Embedded,2018,,,250,250,,8,4,No,AGP 8x,SDR,NV28
595,AMD,Radeon RX Vega 11,2018,,,250,250,,8,4,No,AGP 8x,SDR,NV28
596,NVIDIA,Jetson AGX Xavier GPU,2018,,,250,250,,8,4,No,AGP 4x,DDR,NV25
597,Intel,Iris Plus Graphics 655,2018,,,275,250,,4,2,No,AGP 8x,DDR,NV18
